<annotation>
	<folder>thft images</folder>
	<filename>burglar-looking-drawers-house-29659737.jpg</filename>
	<path>C:\Users\Parsa\Downloads\thft images\burglar-looking-drawers-house-29659737.jpg</path>
	<source>
		<database>Unknown</database>
	</source>
	<size>
		<width>600</width>
		<height>900</height>
		<depth>3</depth>
	</size>
	<segmented>0</segmented>
	<object>
		<name>theft</name>
		<pose>Unspecified</pose>
		<truncated>1</truncated>
		<difficult>0</difficult>
		<bndbox>
			<xmin>5</xmin>
			<ymin>22</ymin>
			<xmax>600</xmax>
			<ymax>766</ymax>
		</bndbox>
	</object>
</annotation>
